,sizeclass1,sizeclass2,sizeclass3,sizeclass4,sizeclass5
Aherring,0.01,0.03,0.8,1.5,3
Acod,0.035,0.103736364,1.952671779,18.42060702,84.48736889
silverhake,0.039893347,0.179748344,0.512104803,4.879748476,20.262
