,sizeclass1,sizeclass2,sizeclass3,sizeclass4,sizeclass5
Aherring,543.61406,1228.771767,1466.862117,1614.8495,5906.057333
Acod,3.523553,4.424157,4.313205,9.489701,11.404373
silverhake,13.181085,21.561887,23.982613,31.63298,24.796492
