,sizeclass1,sizeclass2,sizeclass3,sizeclass4,sizeclass5
Aherring,536.965925,1210.834783,1448.126717,1597.726333,6037.4045
Acod,3.392266,4.35702,4.272695,9.508418,11.500353
silverhake,12.784956,20.898088,23.40894,31.278883,25.278197
